{
    "rmse": 6639.749863440244,
    "mae": 5035.39303738582,
    "r2": 0.7068206470175207
}